year,actual_value,optimal_value,percent_decrease
2021,10421.56134,9793.19559,6.03
2022,9290.35811,8823.58170,5.02
2023,10572.54057,10036.19230,5.07
2024,10409.79270,9845.80495,5.42
2025,10294.43774,9706.57613,5.71